{
  "steps": [
    500,
    1000,
    2000,
    5000,
    10000,
    20000
  ],
  "freeze0_improvement": [
    9.9044,
    12.4935,
    15.1487,
    16.359,
    15.4182,
    13.5621
  ],
  "freeze4_improvement": [
    8.8889,
    11.2502,
    13.8606,
    15.7708,
    15.6252,
    14.8095
  ],
  "freeze0_loss": [
    2.18046,
    2.117799,
    2.053539,
    2.024247,
    2.047016,
    2.091936
  ],
  "freeze4_loss": [
    2.205036,
    2.147888,
    2.084712,
    2.038482,
    2.042006,
    2.061748
  ],
  "crossover_steps": 10000,
  "base_loss": 2.420161,
  "seed": 42,
  "model": "EleutherAI/pythia-410m@step10000",
  "timestamp": "2026-03-16T21:30:27Z"
}