{
  "config": {
    "n_layers": 12,
    "d_model": 512,
    "n_heads": 8,
    "d_ff": 2048,
    "context_length": 256,
    "vocab_size": 512,
    "dropout": 0.0,
    "freeze_layers": 2,
    "seed": 42,
    "batch_size": 16,
    "learning_rate": 0.0003,
    "weight_decay": 0.1,
    "max_steps": 5000,
    "eval_interval": 200,
    "warmup_steps": 100,
    "domain_a": "code",
    "domain_b": "stories",
    "data_tokens": 2000000,
    "device": "cuda",
    "output_dir": "kalavai_experiment_results"
  },
  "results": {
    "Seed (untrained)": {
      "code": 6.375907,
      "stories": 6.370537,
      "mixed": 6.399643
    },
    "Module A (code)": {
      "code": 1.584874,
      "stories": 5.187092,
      "mixed": 4.057129
    },
    "Module B (stories)": {
      "code": 9.791471,
      "stories": 0.28768,
      "mixed": 4.977455
    },
    "Fused (averaging)": {
      "code": 3.61994,
      "stories": 2.516179,
      "mixed": 3.435344
    },
    "Fused (MoE routing)": {
      "code": 2.117184,
      "stories": 0.869042,
      "mixed": 1.5323
    }
  },
  "verdict": {
    "best_individual": 3.609698,
    "avg_of_individuals": 4.314283,
    "best_fused": 1.506175,
    "fusion_works": true
  },
  "history_a": {
    "train_loss": [
      6.360837,
      2.760001,
      2.316693,
      2.070335,
      1.96869,
      1.963481,
      1.876821,
      1.926667,
      1.866239,
      1.830443,
      1.734951,
      1.834442,
      1.76118,
      1.773368,
      1.702686,
      1.763303,
      1.69181,
      1.72616,
      1.740472,
      1.720305,
      1.692418,
      1.702733,
      1.654172,
      1.75746,
      1.689134,
      1.722463
    ],
    "eval_losses": {
      "code": [
        6.32311,
        2.335413,
        1.964886,
        1.840752,
        1.702816,
        1.678113,
        1.621103,
        1.612709,
        1.594071,
        1.57703,
        1.559116,
        1.552758,
        1.530589,
        1.523809,
        1.518117,
        1.509212,
        1.506604,
        1.505698,
        1.49373,
        1.488275,
        1.492578,
        1.488837,
        1.486811,
        1.486443,
        1.487213,
        1.487108
      ],
      "stories": [
        6.320089,
        4.638468,
        5.533392,
        5.086066,
        4.968178,
        5.044029,
        4.579373,
        4.838629,
        5.17145,
        4.808256,
        4.950248,
        4.896665,
        4.805204,
        4.701492,
        4.961065,
        4.703938,
        4.95968,
        4.802313,
        5.146749,
        4.956025,
        4.962618,
        5.006487,
        5.008665,
        5.113197,
        5.133938,
        5.133399
      ],
      "mixed": [
        6.360229,
        3.681922,
        4.070942,
        3.816164,
        3.979,
        3.974434,
        3.761622,
        3.721517,
        3.880276,
        3.72516,
        3.920723,
        3.908496,
        3.731133,
        3.726721,
        3.953998,
        3.689524,
        3.813993,
        3.867277,
        3.987157,
        3.939707,
        4.03999,
        4.019738,
        4.052724,
        4.090342,
        4.110174,
        4.113301
      ]
    },
    "steps": [
      1,
      200,
      400,
      600,
      800,
      1000,
      1200,
      1400,
      1600,
      1800,
      2000,
      2200,
      2400,
      2600,
      2800,
      3000,
      3200,
      3400,
      3600,
      3800,
      4000,
      4200,
      4400,
      4600,
      4800,
      5000
    ]
  },
  "history_b": {
    "train_loss": [
      6.364563,
      1.044942,
      0.431685,
      0.386975,
      0.369572,
      0.334191,
      0.341949,
      0.343345,
      0.307986,
      0.320317,
      0.306849,
      0.314128,
      0.313414,
      0.307734,
      0.304203,
      0.314381,
      0.30296,
      0.299882,
      0.297628,
      0.310609,
      0.309067,
      0.292649,
      0.304471,
      0.296938,
      0.284517,
      0.307713
    ],
    "eval_losses": {
      "code": [
        6.340707,
        6.234729,
        6.955001,
        7.419397,
        7.785331,
        7.730425,
        8.07589,
        8.09838,
        8.599807,
        8.771714,
        8.717398,
        8.704322,
        9.161825,
        8.928253,
        8.534383,
        9.146417,
        9.437597,
        9.375309,
        9.46944,
        9.299818,
        9.482643,
        9.607839,
        9.76534,
        9.696762,
        9.676616,
        9.681112
      ],
      "stories": [
        6.297479,
        0.987256,
        0.4279,
        0.364962,
        0.364441,
        0.335408,
        0.325442,
        0.309752,
        0.313762,
        0.309283,
        0.29936,
        0.297469,
        0.29018,
        0.299923,
        0.286968,
        0.290802,
        0.285831,
        0.2869,
        0.285228,
        0.282571,
        0.283548,
        0.281888,
        0.282445,
        0.282324,
        0.282487,
        0.282476
      ],
      "mixed": [
        6.36317,
        3.937327,
        4.061976,
        4.138232,
        4.359604,
        4.239023,
        4.376737,
        4.185181,
        4.664447,
        4.482219,
        4.63989,
        4.575322,
        4.884342,
        4.630723,
        4.469538,
        4.679315,
        4.82286,
        4.808169,
        4.848513,
        4.829703,
        4.867949,
        4.919422,
        4.954255,
        4.921497,
        4.910585,
        4.911431
      ]
    },
    "steps": [
      1,
      200,
      400,
      600,
      800,
      1000,
      1200,
      1400,
      1600,
      1800,
      2000,
      2200,
      2400,
      2600,
      2800,
      3000,
      3200,
      3400,
      3600,
      3800,
      4000,
      4200,
      4400,
      4600,
      4800,
      5000
    ]
  },
  "timestamp": "2026-03-12T13:55:55Z"
}