{
  "seed": 2026,
  "revision": "step10000",
  "eval_heldout": {
    "base": {
      "code": 1.863899,
      "science": 2.5763,
      "fiction": 2.667974,
      "mixed": 2.538248
    },
    "code_spec": {
      "code": 1.702035,
      "science": 2.607619,
      "fiction": 2.532711,
      "mixed": 2.344623
    },
    "science_spec": {
      "code": 1.894718,
      "science": 2.32338,
      "fiction": 2.652538,
      "mixed": 2.491837
    },
    "fiction_spec": {
      "code": 1.894266,
      "science": 2.588909,
      "fiction": 2.540918,
      "mixed": 2.381839
    },
    "weight_avg": {
      "code": 1.836136,
      "science": 2.450176,
      "fiction": 2.493928,
      "mixed": 2.454435
    },
    "moe": {
      "code": 1.680452,
      "science": 2.299463,
      "fiction": 2.486613,
      "mixed": 2.473866
    }
  },
  "improvement_pct": -5.5123,
  "best_individual_mixed": 2.344623,
  "moe_mixed": 2.473866,
  "router_distribution": {
    "code": [
      0.9998,
      0.0,
      0.0001
    ],
    "science": [
      0.0,
      0.9997,
      0.0003
    ],
    "fiction": [
      0.0006,
      0.0002,
      0.9992
    ],
    "mixed": [
      0.9998,
      0.0,
      0.0001
    ]
  },
  "timestamp": "2026-03-16T21:21:16Z"
}