{
  "code": 2.088434,
  "science": 2.89201,
  "fiction": 2.973911,
  "mixed": 2.253024
}