{
  "condition": "control",
  "spec_configs": {
    "code": {
      "batch": 2,
      "accum": 4,
      "steps": 2000,
      "lr": 2e-05
    },
    "science": {
      "batch": 2,
      "accum": 4,
      "steps": 2000,
      "lr": 2e-05
    },
    "fiction": {
      "batch": 2,
      "accum": 4,
      "steps": 2000,
      "lr": 2e-05
    }
  },
  "eval_heldout": {
    "base": {
      "code": 2.088434,
      "science": 2.89201,
      "fiction": 2.973911,
      "mixed": 2.253024
    },
    "code_spec": {
      "code": 1.879241,
      "science": 2.905798,
      "fiction": 2.977518,
      "mixed": 2.092842
    },
    "science_spec": {
      "code": 2.175471,
      "science": 2.556511,
      "fiction": 3.061423,
      "mixed": 2.248401
    },
    "fiction_spec": {
      "code": 2.102817,
      "science": 2.890405,
      "fiction": 2.21929,
      "mixed": 2.264011
    },
    "weight_avg": {
      "code": 2.015083,
      "science": 2.731694,
      "fiction": 2.710929,
      "mixed": 2.161416
    },
    "moe": {
      "code": 1.879452,
      "science": 2.556296,
      "fiction": 2.21985,
      "mixed": 2.017032
    }
  },
  "base_mixed": 2.253024,
  "best_spec_mixed": 2.092842,
  "moe_mixed": 2.017032,
  "improvement_vs_spec": 3.6223,
  "improvement_vs_base": 10.4745,
  "timestamp": "2026-03-18T11:01:29Z"
}