{
  "code": 1.888488,
  "science": 2.576374,
  "fiction": 2.495285,
  "mixed": 2.700397
}